{
  "project_info": {
    "project_number": "577777873300",
    "firebase_url": "https://loginapp-59904.firebaseio.com",
    "project_id": "loginapp-59904",
    "storage_bucket": "loginapp-59904.appspot.com"
  },
  "client": [
    {
      "client_info": {
        "mobilesdk_app_id": "1:577777873300:android:1e8c4eff2da41078",
        "android_client_info": {
          "package_name": "com.example.loginapplication"
        }
      },
      "oauth_client": [
        {
          "client_id": "577777873300-btdss7tnsphqmhg5j97plv2odqbo4b3m.apps.googleusercontent.com",
          "client_type": 3
        }
      ],
      "api_key": [
        {
          "current_key": "AIzaSyCVXoDcy8_BjVPRhIoc_Ke-xSLuoRMqO_0"
        }
      ],
      "services": {
        "appinvite_service": {
          "other_platform_oauth_client": [
            {
              "client_id": "577777873300-btdss7tnsphqmhg5j97plv2odqbo4b3m.apps.googleusercontent.com",
              "client_type": 3
            }
          ]
        }
      }
    }
  ],
  "configuration_version": "1"
}